Coop games,TYPE,NAME,LINK,IMAGE
,,,,
,Top-down,Inkbound,https://store.steampowered.com/app/1062810/Inkbound/,ink.jpg
,,Dream Fight Will ,https://store.steampowered.com/app/2139890/Dream_Fight_Will/,
,,,,
,Base Builder,Super Raft Boat Together ,https://store.steampowered.com/app/1955340/Super_Raft_Boat_Together/,
,,Desynced ,https://store.steampowered.com/app/1450900/Desynced/,
,,Voidtrain ,https://store.steampowered.com/app/1159690/Voidtrain/,
,,Dawnlands ,https://store.steampowered.com/app/2197910/Dawnlands/,
,,Farworld Pioneers ,https://store.steampowered.com/app/1363900/Farworld_Pioneers/,
,,,,
,3rd person shooter,Atomic Picnic ,https://store.steampowered.com/app/1903560/Atomic_Picnic/,
,,ArcRunner ,https://store.steampowered.com/app/1575830/ArcRunner/,
,,The Fate of Baldr ,https://store.steampowered.com/app/1601630/The_Fate_of_Baldr/,
,,,,
,Party games,Arcade Party ,https://store.steampowered.com/app/2104750/Arcade_Party/,
,,Elasti'Carts ,https://store.steampowered.com/app/2179410/ElastiCarts/,
,,,,
,Metroidvania,Grim Guardians: Demon Purge ,https://store.steampowered.com/app/2081400/Grim_Guardians_Demon_Purge/,
